Number of Layers,Training Error,Testing Error
1,7536.425620417851,7606.514633345704
2,5475.339440233378,5550.758454524151
3,4462.525853595635,4439.17077897556
