Number of Layers,Training Error,Testing Error
1,7370.527137736935,7451.5422722687
2,5605.779411858705,5672.049698747478
3,5111.415803028709,5059.353481171759
