Number of Layers,Training Error,Testing Error
1,7596.619606160073,7655.19994134179
2,5332.224942841675,5370.2320986142195
3,4453.855654449102,4711.203735202796
